{"cameraMode":{"drawMode":0,"name":"Shaded","section":"Shading Mode"},"sceneLighting":true,"audioPlay":false,"sceneViewState":{"showFog":true,"showMaterialUpdate":false,"showSkybox":true,"showFlares":true,"showImageEffects":true,"showParticleSystems":true},"in2DMode":false,"pivot":{"x":18.84088134765625,"y":110.77101135253906,"z":-455.2760925292969},"rotation":{"x":-0.014353840611875058,"y":0.8367469310760498,"z":-0.02108229510486126,"w":-0.5472038388252258},"size":193.49842834472657,"orthographic":false}